0hBJ0gd9T_U,00:00:08.34,00:00:20.62,0.4000,0.2071,0.1742,y
1_l6-wMAvaA,00:00:14.52,00:00:33.42,0.5405,0.3431,0.1956,y
4sFuULOY5ik,00:00:12.39,00:00:22.51,0.5430,0.2524,0.0782,y
5rxH_ELrwTU,00:00:00.00,00:00:14.66,0.0000,0.3253,0.5280,y
5rxH_ELrwTU,00:00:43.99,00:01:02.06,0.6415,0.1458,0.2987,y
5YHUlEP7auA,00:00:07.00,00:00:17.07,0.5550,0.2329,0.1173,y
6H8IKoacICU,00:00:07.33,00:00:17.39,0.2060,0.2560,0.1173,y
82PyW_G61MU,00:00:11.47,00:00:22.35,0.6258,0.3065,0.1751,y
_bMK1icRofI,00:00:04.75,00:00:15.10,0.2295,0.2231,0.1351,y
ALbQbfHaRL0,00:00:19.33,00:00:44.04,0.3965,0.2347,0.1351,y
aQ6h8U-rqZ4,00:00:22.37,00:00:32.56,0.7070,0.4533,0.1867,y
Bx3qXB5O2fY,00:00:19.03,00:00:40.17,0.1520,0.2844,0.1867,y
crC_dMs6chY,00:00:03.64,00:00:13.92,0.2180,0.2240,0.0729,y
e7ZJAC62_og,00:00:05.87,00:00:18.64,0.7180,0.3627,0.1973,y
H35eyL2M-ng,00:00:04.71,00:00:17.53,0.5490,0.4711,0.5280,y
I-EKqLdbysk,00:00:00.00,00:00:41.07,0.5110,0.4292,0.3104,y
I-EKqLdbysk,00:00:32.50,00:00:42.75,0.6160,0.1092,0.1984,y
i5v_ygxv-8M,00:00:09.18,00:00:19.26,0.4970,0.2631,0.2044,y
IDpdBu-je6E,00:00:16.14,00:00:33.28,0.1980,0.4391,0.4018,y
IDpdBu-je6E,00:00:24.82,00:00:34.88,0.5315,0.6204,0.3787,y
IOHBGgt5oG4,00:00:08.48,00:00:18.55,0.0865,0.4489,0.5493,y
iVMA7GhSJjM,00:00:14.38,00:00:35.45,0.0835,0.3298,0.2364,y
iXFgOBjk860,00:00:17.32,00:00:36.27,0.3230,0.2255,0.2363,y
JYQ9AwsTkAw,00:00:15.86,00:00:25.96,0.4660,0.3342,0.1262,y
jz1qXpZotbc,00:00:08.08,00:00:18.37,0.1570,0.2827,0.1298,y
K8mSP7f4ORI,00:00:13.00,00:00:23.39,0.1615,0.3627,0.1298,y
L0KTqPloUiU,00:00:29.62,00:00:40.89,0.5522,0.1287,0.2713,y
L0KTqPloUiU,00:00:30.98,00:00:41.21,0.5777,0.3936,0.5628,y
L0KTqPloUiU,00:01:21.04,00:01:33.26,0.5672,0.5216,0.4775,y
lcB1184hw30,00:00:03.10,00:00:13.99,0.6065,0.1938,0.1031,y
lvS0S6X3_xc,00:00:00.00,00:01:15.15,0.0000,0.4060,0.5931,y
lvS0S6X3_xc,00:00:06.88,00:00:25.89,0.8934,0.2514,0.1753,y
n8O__d9ecZs,00:00:06.46,00:00:23.53,0.7985,0.3004,0.1813,y
nANNAtq8Bpw,00:00:09.92,00:00:20.73,0.7900,0.2604,0.2578,y
NycwxaU4GPw,00:00:18.73,00:00:40.50,0.1462,0.2905,0.6126,y
NycwxaU4GPw,00:00:32.36,00:00:44.42,0.7782,0.1074,0.1788,y
NycwxaU4GPw,00:00:52.15,00:01:02.64,0.6042,0.3173,0.4124,y
ofWuFIb_Luw,00:00:16.67,00:00:29.48,0.3150,0.1056,0.1611,y
ofWuFIb_Luw,00:00:20.16,00:00:38.53,0.6287,0.3652,0.6126,y
ofWuFIb_Luw,00:00:39.71,00:00:53.50,0.2797,0.2318,0.2108,y
oSEO5aLoVVw,00:00:04.54,00:00:14.80,0.5460,0.4427,0.3058,y
OsmCQeJndVM,00:00:00.00,00:00:32.35,0.3195,0.2827,0.3502,y
OsmCQeJndVM,00:00:07.75,00:00:17.76,0.5950,0.2578,0.2631,y
PuAfTA2wf7o,00:00:36.63,00:00:46.85,0.3910,0.2169,0.1333,y
Q2t0CJ7Sszs,00:00:35.14,00:00:48.45,0.4070,0.3723,0.6268,y
rgCVJx_100I,00:00:29.26,00:00:49.52,0.2550,0.3396,0.1618,y
sBlxMGGOpVk,00:00:06.91,00:00:22.30,0.4275,0.2844,0.1227,y
sXeHeio0JT8,00:00:18.16,00:00:28.42,0.5980,0.4409,0.1244,y
sXeHeio0JT8,00:00:24.78,00:00:36.53,0.1960,0.4604,0.2471,y
syO6NtNR6xY,00:00:29.05,00:00:39.95,0.6740,0.4800,0.3876,y
T5mDQeDkca0,00:00:41.61,00:01:00.75,0.7090,0.4533,0.4818,y
u8gJy6Jeuzg,00:00:21.30,00:00:37.46,0.7900,0.3929,0.3573,y
uFT1yAicqsk,00:00:16.53,00:00:26.57,0.5280,0.3716,0.1760,y
usWABZrI75M,00:00:00.00,00:00:56.65,0.4155,0.1991,0.2471,y
usWABZrI75M,00:00:46.39,00:01:03.46,0.5240,0.2116,0.1458,y
vm1SOtbe-JE,00:00:14.38,00:01:10.60,0.0695,0.3652,0.2891,y
vm1SOtbe-JE,00:00:21.01,00:00:42.81,0.3080,0.3652,0.2553,y
vt6ZBq5jVec,00:00:29.76,00:00:44.21,0.2874,0.3302,0.4319,y
wNs90x6b8OI,00:00:21.83,00:00:36.47,0.6107,0.4416,0.4046,y
wNs90x6b8OI,00:00:37.09,00:00:48.07,0.4917,0.4469,0.2215,y
wNs90x6b8OI,00:00:42.21,00:01:05.03,0.5047,0.5394,0.4544,y
wNs90x6b8OI,00:01:28.95,00:01:41.03,0.4967,0.3598,0.2073,y
wQdAEA4a8IA,00:00:07.00,00:00:18.30,0.5645,0.1876,0.2187,y
wVoWYn4y7FY,00:00:05.66,00:00:15.73,0.6840,0.3173,0.1120,y
Xdu3Kq8bmxc,00:00:03.12,00:00:25.92,0.5285,0.4604,0.1316,y
XPPOcJNk1S8,00:00:05.32,00:00:20.30,0.7065,0.2738,0.1138,y
Y_nXru9bjbA,00:00:00.00,00:00:30.14,0.3770,0.3332,0.3886,y
Y_nXru9bjbA,00:00:08.91,00:00:21.76,0.1550,0.3545,0.2891,y
Y_nXru9bjbA,00:00:24.42,00:00:37.14,0.3130,0.4683,0.3922,y
Y_nXru9bjbA,00:00:27.62,00:00:56.34,0.4745,0.3545,0.5131,y
yXHrMeNdyaE,00:00:07.00,00:00:19.12,0.5945,0.3564,0.1351,y
yXHrMeNdyaE,00:00:20.23,00:00:31.07,0.5945,0.3564,0.1351,y
z6Pl-GKygrM,00:00:20.12,00:00:30.19,0.2640,0.3360,0.1564,y
Z9npOp9WhWM,00:00:00.00,00:00:13.92,0.5604,0.3296,0.6695,y
Z9npOp9WhWM,00:00:04.09,00:00:15.23,0.4624,0.3296,0.6695,y
Z9npOp9WhWM,00:00:22.73,00:00:34.68,0.0460,0.2514,0.1771,y
zglBOktOoJY,00:00:52.13,00:01:02.18,0.5515,0.2604,0.3040,y
vt6ZBq5jVec,00:01:08.37,00:01:22.95,0.2288,0.5724,0.4267,y
iXFgOBjk860,00:00:29.85,00:00:50.70,0.7125,0.1889,0.3311,y
iXFgOBjk860,00:00:48.70,00:01:06.54,0.2762,0.2933,0.3311,y
VBgxid77Yzs,00:00:00.00,00:00:13.65,0.5500,0.3333,0.2267,y
VBgxid77Yzs,00:01:15.17,00:01:26.81,0.4725,0.4667,0.3578,y
VBgxid77Yzs,00:01:18.15,00:01:32.43,0.5413,0.2567,0.2156,y
zuZIfy4aBEY,00:00:08.64,00:01:11.84,0.2794,0.3443,0.6548,y
1WIDSrr_1lk,00:00:20.07,00:00:31.07,0.5890,0.2355,0.1326,y
FwXH9N5JrE4,00:00:17.46,00:00:31.01,0.1667,0.1058,0.7289,y
wJaE9V4N81U,00:00:00.45,00:00:10.49,0.2517,0.4213,0.5556,y
-A-eXmSQYO0,00:00:00.00,00:00:14.46,0.2200,0.1420,0.5748,y
9uJazpj9xPw,00:00:42.93,00:01:22.60,0.3869,0.2665,0.2593,y
hrbv1QxV0cU,00:00:04.55,00:00:18.12,0.5964,0.3598,0.2104,y
gY0ASobuVok,00:00:03.00,00:00:13.35,0.5677,0.2699,0.1637,y
vPunQYcer10,00:04:48.00,00:05:20.97,0.3015,0.2332,0.7660,y
hSPOqCbpq1c,00:31:09.76,00:31:29.61,0.1165,0.1798,0.4371,y
hSPOqCbpq1c,01:03:41.53,01:04:01.36,0.1577,0.2065,0.4104,y
QhPyvyzVt0c,00:00:19.35,00:01:06.56,0.2897,0.2376,0.7615,y
OAzlohkIVp0,00:01:47.51,00:02:27.18,0.2655,0.4465,0.5526,y
_wMF6AER-L4,00:00:00.00,00:00:15.41,0.3039,0.1620,0.5815,y
KFGecpVktQc,00:00:08.77,00:00:26.01,0.2065,0.3091,0.4543,y
82P86baeJjU,00:00:00.00,00:00:31.80,0.1179,0.1467,0.8524,y
iKA2Tq24wQk,00:00:21.01,00:01:04.46,0.2269,0.0111,0.8860,y
n-q49G8ZJDI,00:00:00.00,00:00:21.94,0.1503,0.1132,0.8860,y
tUqWyp13Pak,00:00:00.00,00:01:13.67,0.1215,0.1843,0.7993,y
1JcpmKwyJEA,00:00:00.00,00:01:03.46,0.0878,0.0287,0.9704,y
0xP3fXlLo0o,00:00:00.00,00:01:05.85,0.0673,0.0643,0.8726,y
Fyc62pJZPDI,00:00:00.00,00:00:44.53,0.1583,0.1532,0.8460,y
lnxwi0_41L0,00:00:25.98,00:01:01.22,0.2661,0.0421,0.9570,y
nmyNhzaPKf4,00:00:21.85,00:01:09.46,0.1770,0.1599,0.6570,y
9daL_swXKCs,00:00:12.00,00:01:40.81,0.1645,0.1799,0.8170,y
16ejMBXQLxA,00:00:00.00,00:00:45.59,0.1911,0.1199,0.8125,y
tKLV08BXRLU,00:00:18.98,00:01:15.96,0.2244,0.2332,0.7660,y
MoIdJ8a9D0Y,00:00:00.00,00:00:44.54,0.0972,0.0892,0.5540,y
